<!-- [ Mirror metadata ] generatedAt: 1462425465731 -->
<!-- Generated screen file. Fill the id tags below with content with
which to populate your previewed layout. For a complete specification
of sample data, please see http://jimulabs.com/sample-data-specifications/ 

Valid attributes on <screen> tag: theme="@style/someTheme" inEditMode="false" overlay="@drawable/mockup" -->
<screen>
    <_content layout="@layout/activity_around">
        <!-- TextView Examples:
        <packname_tv text="@string/string_resource" />
        <packname_tv text="Text literal" textSize="14sp" /> -->
        <packname_tv />
        <address_tv />
        <phoneno_tv />
        <money_tv />
        <activity_choose_parking_number />
    </_content>
</screen>
