<!-- [ Mirror metadata ] generatedAt: 1462425465787 -->
<!-- Generated screen file. Fill the id tags below with content with
which to populate your previewed layout. For a complete specification
of sample data, please see http://jimulabs.com/sample-data-specifications/ 

Valid attributes on <screen> tag: theme="@style/someTheme" inEditMode="false" overlay="@drawable/mockup" -->
<screen>
    <_content layout="@layout/activity_order">
        <!-- TextView Examples:
        <tv_carnum text="@string/string_resource" />
        <tv_carnum text="Text literal" textSize="14sp" /> -->
        <tv_carnum />
        <tv_date />
        <tv_parkname />
        <tv_parkaddress />
        <tv_parkphone />
    </_content>
</screen>
