<!-- [ Mirror metadata ] generatedAt: 1462425465809 -->
<!-- Generated screen file. Fill the id tags below with content with
which to populate your previewed layout. For a complete specification
of sample data, please see http://jimulabs.com/sample-data-specifications/ 

Valid attributes on <screen> tag: theme="@style/someTheme" inEditMode="false" overlay="@drawable/mockup" -->
<screen>
    <actionbar showTabsFor="@id/pop_banner_viewpager"/>
    <_content layout="@layout/activity_popup_banner">
        <!-- ImageView Examples:
        <pop_home_banner_close_icon src="@drawable/image_resource" />
        <pop_home_banner_close_icon src="relative_path/image.jpg" /> -->
        <pop_home_banner_close_icon />
        <pop_banner_viewpager>
            <!-- Add pages to your ViewPager here like so:
            <_page title="page title" icon="@drawable/my_icon"/>
            <_page layout="@layout/my_page_layout">
                <my_image_view src="@drawable/my_image"/>
            </_page>
            -->
        </pop_banner_viewpager>
    </_content>
</screen>
