<!-- [ Mirror metadata ] generatedAt: 1462425465811 -->
<!-- Generated screen file. Fill the id tags below with content with
which to populate your previewed layout. For a complete specification
of sample data, please see http://jimulabs.com/sample-data-specifications/ 

Valid attributes on <screen> tag: theme="@style/someTheme" inEditMode="false" overlay="@drawable/mockup" -->
<screen>
    <actionbar showTabsFor="@id/splash_viewpager"/>
    <_content layout="@layout/activity_splash">
        <splash_viewpager>
            <!-- Add pages to your ViewPager here like so:
            <_page title="page title" icon="@drawable/my_icon"/>
            <_page layout="@layout/my_page_layout">
                <my_image_view src="@drawable/my_image"/>
            </_page>
            -->
        </splash_viewpager>
        <!-- TextView Examples:
        <splash_skip_btn text="@string/string_resource" />
        <splash_skip_btn text="Text literal" textSize="14sp" /> -->
        <splash_skip_btn />
    </_content>
</screen>
