<!-- [ Mirror metadata ] generatedAt: 1462425465841 -->
<!-- Generated screen file. Fill the id tags below with content with
which to populate your previewed layout. For a complete specification
of sample data, please see http://jimulabs.com/sample-data-specifications/ 

Valid attributes on <screen> tag: theme="@style/someTheme" inEditMode="false" overlay="@drawable/mockup" -->
<screen>
    <_content layout="@layout/bing_item">
        <!-- ImageView Examples:
        <item_car_img src="@drawable/image_resource" />
        <item_car_img src="relative_path/image.jpg" /> -->
        <item_car_img />
        <!-- TextView Examples:
        <tv_carnum text="@string/string_resource" />
        <tv_carnum text="Text literal" textSize="14sp" /> -->
        <tv_carnum />
        <tv_car_state />
        <tv_month_service_state />
    </_content>
</screen>
