<!-- [ Mirror metadata ] generatedAt: 1462425465911 -->
<!-- Generated screen file. Fill the id tags below with content with
which to populate your previewed layout. For a complete specification
of sample data, please see http://jimulabs.com/sample-data-specifications/ 

Valid attributes on <screen> tag: theme="@style/someTheme" inEditMode="false" overlay="@drawable/mockup" -->
<screen>
    <_content layout="@layout/couponpay_item">
        <!-- ImageView Examples:
        <img src="@drawable/image_resource" />
        <img src="relative_path/image.jpg" /> -->
        <img />
        <!-- TextView Examples:
        <line text="@string/string_resource" />
        <line text="Text literal" textSize="14sp" /> -->
        <line />
        <title />
    </_content>
</screen>
