<!-- [ Mirror metadata ] generatedAt: 1462425465908 -->
<!-- Generated screen file. Fill the id tags below with content with
which to populate your previewed layout. For a complete specification
of sample data, please see http://jimulabs.com/sample-data-specifications/ 

Valid attributes on <screen> tag: theme="@style/someTheme" inEditMode="false" overlay="@drawable/mockup" -->
<screen>
    <_content layout="@layout/coupon_item">
        <!-- TextView Examples:
        <couponTitle text="@string/string_resource" />
        <couponTitle text="Text literal" textSize="14sp" /> -->
        <couponTitle />
        <couponDesc />
        <couponTimeLimit />
        <couponTimeLeft />
        <couponParkingType />
    </_content>
</screen>
