<!-- [ Mirror metadata ] generatedAt: 1462425465920 -->
<!-- Generated screen file. Fill the id tags below with content with
which to populate your previewed layout. For a complete specification
of sample data, please see http://jimulabs.com/sample-data-specifications/ 

Valid attributes on <screen> tag: theme="@style/someTheme" inEditMode="false" overlay="@drawable/mockup" -->
<screen>
    <_content layout="@layout/design_drawer_item_custom">
        <!-- ImageView Examples:
        <drawer_custom_img src="@drawable/image_resource" />
        <drawer_custom_img src="relative_path/image.jpg" /> -->
        <drawer_custom_img />
        <!-- TextView Examples:
        <drawer_custom_tv text="@string/string_resource" />
        <drawer_custom_tv text="Text literal" textSize="14sp" /> -->
        <drawer_custom_tv />
        <drawer_custom_desc_tv />
    </_content>
</screen>
