<!-- [ Mirror metadata ] generatedAt: 1462425465922 -->
<!-- Generated screen file. Fill the id tags below with content with
which to populate your previewed layout. For a complete specification
of sample data, please see http://jimulabs.com/sample-data-specifications/ 

Valid attributes on <screen> tag: theme="@style/someTheme" inEditMode="false" overlay="@drawable/mockup" -->
<screen>
    <_content layout="@layout/download_notifcation">
        <!-- ImageView Examples:
        <downLoadIcon src="@drawable/image_resource" />
        <downLoadIcon src="relative_path/image.jpg" /> -->
        <downLoadIcon />
        <!-- TextView Examples:
        <jinduTextView text="@string/string_resource" />
        <jinduTextView text="Text literal" textSize="14sp" /> -->
        <jinduTextView />
        <progressPercent />
        <progressPercent2 />
    </_content>
</screen>
