<!-- [ Mirror metadata ] generatedAt: 1462425465955 -->
<!-- Generated screen file. Fill the id tags below with content with
which to populate your previewed layout. For a complete specification
of sample data, please see http://jimulabs.com/sample-data-specifications/ 

Valid attributes on <screen> tag: theme="@style/someTheme" inEditMode="false" overlay="@drawable/mockup" -->
<screen>
    <_content layout="@layout/header_btn_layout">
        <!-- TextView Examples:
        <tv_title text="@string/string_resource" />
        <tv_title text="Text literal" textSize="14sp" /> -->
        <tv_title />
        <headerMenu1 />
        <headerMenu2 />
        <headerMenu3 />
        <divider />
    </_content>
</screen>
