<!-- [ Mirror metadata ] generatedAt: 1462425465963 -->
<!-- Generated screen file. Fill the id tags below with content with
which to populate your previewed layout. For a complete specification
of sample data, please see http://jimulabs.com/sample-data-specifications/ 

Valid attributes on <screen> tag: theme="@style/someTheme" inEditMode="false" overlay="@drawable/mockup" -->
<screen>
    <_content layout="@layout/nav_header_home_page">
        <!-- ImageView Examples:
        <imgAvator src="@drawable/image_resource" />
        <imgAvator src="relative_path/image.jpg" /> -->
        <imgAvator />
        <!-- TextView Examples:
        <tvAccountName text="@string/string_resource" />
        <tvAccountName text="Text literal" textSize="14sp" /> -->
        <tvAccountName />
        <tvIntegration />
    </_content>
</screen>
