<!-- [ Mirror metadata ] generatedAt: 1462425465993 -->
<!-- Generated screen file. Fill the id tags below with content with
which to populate your previewed layout. For a complete specification
of sample data, please see http://jimulabs.com/sample-data-specifications/ 

Valid attributes on <screen> tag: theme="@style/someTheme" inEditMode="false" overlay="@drawable/mockup" -->
<screen>
    <_content layout="@layout/order_state">
        <!-- ImageView Examples:
        <iv_order src="@drawable/image_resource" />
        <iv_order src="relative_path/image.jpg" /> -->
        <iv_order />
        <!-- TextView Examples:
        <tv_order text="@string/string_resource" />
        <tv_order text="Text literal" textSize="14sp" /> -->
        <tv_order />
        <tv_order_time />
        <iv_arrow />
        <iv_arrive />
        <tv_order2 />
        <tv_arrive_time />
        <iv_arrow2 />
        <iv_leave />
        <tv_order3 />
        <tv_leave_time />
    </_content>
</screen>
