<!-- [ Mirror metadata ] generatedAt: 1462425465977 -->
<!-- Generated screen file. Fill the id tags below with content with
which to populate your previewed layout. For a complete specification
of sample data, please see http://jimulabs.com/sample-data-specifications/ 

Valid attributes on <screen> tag: theme="@style/someTheme" inEditMode="false" overlay="@drawable/mockup" -->
<screen>
    <_content layout="@layout/order_item">
        <!-- TextView Examples:
        <line_number text="@string/string_resource" />
        <line_number text="Text literal" textSize="14sp" /> -->
        <line_number />
        <order_item_parking_delete />
        <order_item_parking_name />
        <order_item_carport />
        <order_item_car_no />
    </_content>
</screen>
