<!-- [ Mirror metadata ] generatedAt: 1462425466000 -->
<!-- Generated screen file. Fill the id tags below with content with
which to populate your previewed layout. For a complete specification
of sample data, please see http://jimulabs.com/sample-data-specifications/ 

Valid attributes on <screen> tag: theme="@style/someTheme" inEditMode="false" overlay="@drawable/mockup" -->
<screen>
    <_content layout="@layout/parklist_item">
        <!-- TextView Examples:
        <line_number text="@string/string_resource" />
        <line_number text="Text literal" textSize="14sp" /> -->
        <line_number />
        <tv_parkname />
        <distance_tv />
        <tv_discount />
        <!-- ImageView Examples:
        <support_online_pay_img src="@drawable/image_resource" />
        <support_online_pay_img src="relative_path/image.jpg" /> -->
        <support_online_pay_img />
        <support_online_pay_tv />
    </_content>
</screen>
