<!-- [ Mirror metadata ] generatedAt: 1462425465997 -->
<!-- Generated screen file. Fill the id tags below with content with
which to populate your previewed layout. For a complete specification
of sample data, please see http://jimulabs.com/sample-data-specifications/ 

Valid attributes on <screen> tag: theme="@style/someTheme" inEditMode="false" overlay="@drawable/mockup" -->
<screen>
    <_content layout="@layout/parkinglist_item">
        <!-- TextView Examples:
        <line_number text="@string/string_resource" />
        <line_number text="Text literal" textSize="14sp" /> -->
        <line_number />
        <parkName_tv />
        <carno_tv />
        <style_tv />
        <intime_tv />
        <parking_item_unit />
        <outtime_tv />
        <money_tv />
        <setting />
        <line />
    </_content>
</screen>
